state,date,Modal price (Average)
AP,01-01-04,723
AP,02-01-04,662.5
AP,03-01-04,432.5
AP,04-01-04,324.5
AP,05-01-04,331.5
AP,06-01-04,361
AP,07-01-04,404
AP,08-01-04,459
AP,09-01-04,432.5
AP,10-01-04,425
AP,11-01-04,344
AP,12-01-04,336.5
AP,01-01-05,462
AP,02-01-05,321.5
AP,03-01-05,280
AP,05-01-05,258.5
AP,06-01-05,402.5
AP,07-01-05,550
AP,08-01-05,624.5
AP,09-01-05,910.5
AP,10-01-05,1256
AP,11-01-05,999.5
AP,12-01-05,614.5
AP,01-01-06,357
AP,02-01-06,265
AP,03-01-06,224
AP,04-01-06,203
AP,05-01-06,164.5
AP,06-01-06,278
AP,07-01-06,345.5
AP,08-01-06,430.5
AP,09-01-06,377
AP,10-01-06,317.5
AP,11-01-06,364
AP,12-01-06,465.5
AP,01-01-07,757.5
AP,02-01-07,898.5
AP,03-01-07,680.5
AP,04-01-07,556
AP,05-01-07,529.5
AP,06-01-07,763.5
AP,07-01-07,853
AP,08-01-07,984
AP,09-01-07,1138
AP,10-01-07,1148
AP,11-01-07,784
AP,12-01-07,550.5
AP,01-01-08,435.5
AP,02-01-08,341.5
AP,03-01-08,324
AP,04-01-08,291.5
AP,05-01-08,296.5
AP,06-01-08,344
AP,07-01-08,665.5
AP,08-01-08,777.5
AP,09-01-08,664.5
AP,10-01-08,652.5
AP,11-01-08,1013
AP,12-01-08,1015.5
AP,01-01-09,1220.5
AP,02-01-09,1108
AP,03-01-09,813.5
AP,04-01-09,614
AP,05-01-09,518.5
AP,06-01-09,662.5
AP,07-01-09,681.5
AP,08-01-09,723.5
AP,09-01-09,732.5
AP,10-01-09,1226
AP,11-01-09,1404
AP,12-01-09,1551
AP,01-01-10,1222.5
AP,02-01-10,1031
AP,03-01-10,621
AP,04-01-10,450
AP,05-01-10,488.5
AP,06-01-10,702
AP,07-01-10,766
AP,08-01-10,866
AP,09-01-10,1016.5
AP,10-01-10,1258
AP,11-01-10,1569.5
AP,12-01-10,2220.5
AP,01-01-11,2551
AP,02-01-11,1181.5
AP,03-01-11,542
AP,04-01-11,488
AP,05-01-11,464
AP,06-01-11,606.5
AP,07-01-11,828
AP,08-01-11,1178
AP,09-01-11,1035.5
AP,10-01-11,772
AP,11-01-11,673
AP,12-01-11,522.5
AP,01-01-12,495.5
AP,02-01-12,513.5
AP,03-01-12,486.5
AP,04-01-12,441
AP,05-01-12,492
AP,07-01-12,620
AP,08-01-12,712
AP,09-01-12,623
AP,10-01-12,1037.5
AP,11-01-12,851.5
AP,12-01-12,831.5
AP,01-01-13,1116
AP,02-01-13,1768
AP,03-01-13,1256
AP,04-01-13,1014
AP,05-01-13,1286
AP,06-01-13,1289.5
AP,07-01-13,2140
AP,08-01-13,3238.5
AP,09-01-13,3388.5
AP,10-01-13,3111
AP,11-01-13,2358.5
AP,12-01-13,1435
AP,01-01-14,965
AP,02-01-14,710.5
AP,03-01-14,692.5
AP,04-01-14,725.5
AP,05-01-14,916.5
AP,06-01-14,1322
AP,07-01-14,1945.5
AP,08-01-14,1705
AP,09-01-14,1139.5
AP,10-01-14,1182.5
AP,11-01-14,1146.5
AP,12-01-14,1213
AP,01-01-15,1306
AP,02-01-15,1581
AP,03-01-15,1285.5
AP,04-01-15,1178
AP,05-01-15,1278
AP,06-01-15,1563.5
AP,07-01-15,2026.5
AP,08-01-15,3739.5
AP,09-01-15,3544.5
AP,10-01-15,2237.666667
AP,11-01-15,1946.5
AP,12-01-15,1422.5
AP,01-01-16,1219
AP,02-01-16,827
AP,03-01-16,715
ASM,01-01-05,704
ASM,02-01-05,625
ASM,03-01-05,581
ASM,04-01-05,525
ASM,05-01-05,481
ASM,06-01-05,524
ASM,07-01-05,525
ASM,08-01-05,667
ASM,09-01-05,900
ASM,10-01-05,1321
ASM,11-01-05,1692
ASM,12-01-05,1129
ASM,01-01-06,623
ASM,02-01-06,539
ASM,03-01-06,556
ASM,04-01-06,515
ASM,05-01-06,576
ASM,06-01-06,686
ASM,07-01-06,649
ASM,08-01-06,753
ASM,09-01-06,822
ASM,10-01-06,793
ASM,11-01-06,843
ASM,12-01-06,989
ASM,01-01-07,1231
ASM,02-01-07,1648
ASM,03-01-07,1133
ASM,04-01-07,883
ASM,05-01-07,804
ASM,06-01-07,985
ASM,07-01-07,1271
ASM,08-01-07,1493
ASM,09-01-07,2019
ASM,10-01-07,2054
ASM,11-01-07,1563
ASM,12-01-07,918
ASM,01-01-08,654
ASM,02-01-08,747
ASM,03-01-08,659
ASM,04-01-08,635
ASM,05-01-08,644
ASM,06-01-08,668
ASM,07-01-08,931
ASM,08-01-08,1126
ASM,09-01-08,1181
ASM,10-01-08,1033
ASM,11-01-08,1172
ASM,12-01-08,1555
ASM,01-01-09,1664
ASM,02-01-09,1482
ASM,03-01-09,1510
ASM,04-01-09,1329
ASM,05-01-09,1051
ASM,06-01-09,1030
ASM,07-01-09,1337
ASM,08-01-09,1366
ASM,09-01-09,1429
ASM,10-01-09,2367
ASM,11-01-09,2447
ASM,12-01-09,2284
ASM,01-01-10,2180
ASM,02-01-10,1750
ASM,03-01-10,1041
ASM,04-01-10,998
ASM,05-01-10,972
ASM,06-01-10,1044
ASM,07-01-10,1209
ASM,08-01-10,1242
ASM,09-01-10,1694
ASM,10-01-10,2065
ASM,11-01-10,2553
ASM,12-01-10,3690
ASM,01-01-11,3863
ASM,02-01-11,1842
ASM,03-01-11,897
ASM,04-01-11,820
ASM,05-01-11,890
ASM,06-01-11,914
ASM,07-01-11,1227
ASM,08-01-11,1507
ASM,09-01-11,1781
ASM,10-01-11,1658
ASM,11-01-11,1395
ASM,12-01-11,1197
ASM,01-01-12,913
ASM,02-01-12,842
ASM,03-01-12,784
ASM,04-01-12,841
ASM,05-01-12,942
ASM,06-01-12,1117
ASM,07-01-12,1221
ASM,08-01-12,1180
ASM,09-01-12,1120
ASM,10-01-12,1382
ASM,11-01-12,1737
ASM,12-01-12,1947
ASM,01-01-13,1897
ASM,02-01-13,2203
ASM,03-01-13,1421
ASM,04-01-13,1309
ASM,05-01-13,1341
ASM,06-01-13,1510
ASM,07-01-13,2572
ASM,08-01-13,4045
ASM,09-01-13,5300
ASM,10-01-13,5500
ASM,11-01-13,4305
ASM,12-01-13,2299
ASM,01-01-14,1698
ASM,02-01-14,1464
ASM,03-01-14,1275
ASM,04-01-14,1273
ASM,05-01-14,1685
ASM,06-01-14,1868
ASM,07-01-14,2567
ASM,08-01-14,2527
ASM,09-01-14,2341
ASM,10-01-14,2300
ASM,11-01-14,2463
ASM,12-01-14,2488
ASM,01-01-15,2125
ASM,02-01-15,2065
ASM,03-01-15,1592
ASM,04-01-15,1709
ASM,05-01-15,2130
ASM,06-01-15,2355
ASM,07-01-15,2730
ASM,08-01-15,4490
ASM,09-01-15,5232
ASM,10-01-15,4525
ASM,11-01-15,3023
ASM,12-01-15,2089
ASM,01-01-16,1713
ASM,02-01-16,1381
ASM,03-01-16,1244
BHR,01-01-04,1092
BHR,02-01-04,1054
BHR,03-01-04,787
BHR,04-01-04,538
BHR,05-01-04,457
BHR,06-01-04,463
BHR,07-01-04,531
BHR,08-01-04,533
BHR,09-01-04,667
BHR,10-01-04,683
BHR,11-01-04,673
BHR,12-01-04,603
BHR,01-01-05,453
BHR,02-01-05,438
BHR,04-01-05,393
BHR,05-01-05,465
BHR,06-01-05,375
BHR,07-01-05,392
BHR,08-01-05,511
BHR,09-01-05,1103
BHR,10-01-05,1300
BHR,11-01-05,1229
BHR,12-01-05,923
BHR,01-01-06,545
BHR,02-01-06,393
BHR,03-01-06,351
BHR,04-01-06,356
BHR,05-01-06,302
BHR,06-01-06,396
BHR,07-01-06,460
BHR,08-01-06,536
BHR,09-01-06,566
BHR,11-01-06,662
BHR,12-01-06,873
BHR,01-01-07,1107
BHR,02-01-07,1317
BHR,03-01-07,941
BHR,04-01-07,734
BHR,05-01-07,527
BHR,06-01-07,892
BHR,07-01-07,1061
BHR,08-01-07,1355
BHR,09-01-07,1577
BHR,10-01-07,1769
BHR,11-01-07,1120
BHR,12-01-07,727
BHR,01-01-08,473
BHR,02-01-08,419
BHR,03-01-08,495
BHR,04-01-08,519
BHR,05-01-08,429
BHR,06-01-08,530
BHR,07-01-08,771
BHR,08-01-08,965
BHR,09-01-08,929
BHR,10-01-08,779
BHR,11-01-08,1225
BHR,12-01-08,1370
BHR,01-01-09,1548
BHR,02-01-09,1384
BHR,03-01-09,1053
BHR,04-01-09,832
BHR,05-01-09,676
BHR,06-01-09,794
BHR,07-01-09,911
BHR,08-01-09,844
BHR,09-01-09,905
BHR,10-01-09,1700
BHR,11-01-09,1850
BHR,12-01-09,1658
BHR,01-01-10,1608
BHR,02-01-10,1404
BHR,03-01-10,746
BHR,04-01-10,724
BHR,05-01-10,581
BHR,06-01-10,699
BHR,07-01-10,845
BHR,08-01-10,932
BHR,09-01-10,1416
BHR,10-01-10,1610
BHR,11-01-10,2090
BHR,12-01-10,2645
BHR,01-01-11,2880
BHR,02-01-11,1308
BHR,03-01-11,720
BHR,04-01-11,633
BHR,05-01-11,638
BHR,06-01-11,575
BHR,07-01-11,881
BHR,08-01-11,1190
BHR,09-01-11,1219
BHR,10-01-11,1354
BHR,11-01-11,1330
BHR,12-01-11,1100
BHR,05-01-12,613
BHR,07-01-12,800
BHR,08-01-12,850
BHR,09-01-12,733
BHR,10-01-12,1125
BHR,11-01-12,1467
BHR,12-01-12,1488
BHR,02-01-13,1650
BHR,03-01-13,1300
BHR,04-01-13,1191
BHR,05-01-13,1060
BHR,06-01-13,1303
BHR,07-01-13,2230
BHR,08-01-13,3929
BHR,09-01-13,5100
BHR,10-01-13,5339
BHR,11-01-13,4194
BHR,12-01-13,1942
BHR,01-01-14,1408
BHR,02-01-14,1141
BHR,03-01-14,1149
BHR,04-01-14,1193
BHR,05-01-14,1325
BHR,06-01-14,1585
BHR,07-01-14,2194
BHR,08-01-14,2014
BHR,09-01-14,1878
BHR,10-01-14,1728
BHR,11-01-14,1921
BHR,12-01-14,2041
BHR,01-01-15,1657
BHR,02-01-15,1928
BHR,03-01-15,1488
BHR,04-01-15,1552
BHR,05-01-15,1473
BHR,06-01-15,1716
BHR,07-01-15,2367
BHR,08-01-15,3850
BHR,09-01-15,4625
BHR,10-01-15,3210.5
BHR,11-01-15,2433
BHR,12-01-15,1616
BHR,01-01-16,1497
BHR,02-01-16,1121
BHR,03-01-16,1044
DEL,01-01-03,280
DEL,02-01-03,253
DEL,03-01-03,366
DEL,04-01-03,425
DEL,05-01-03,419
DEL,06-01-03,463
DEL,07-01-03,531
DEL,08-01-03,572
DEL,09-01-03,691
DEL,10-01-03,881
DEL,11-01-03,693
DEL,12-01-03,731
DEL,01-01-04,928
DEL,02-01-04,876
DEL,03-01-04,582
DEL,04-01-04,450
DEL,05-01-04,376
DEL,06-01-04,347
DEL,07-01-04,414
DEL,08-01-04,550
DEL,09-01-04,568
DEL,10-01-04,625
DEL,11-01-04,584
DEL,12-01-04,497
DEL,01-01-05,489
DEL,02-01-05,463
DEL,03-01-05,395
DEL,04-01-05,380
DEL,05-01-05,451
DEL,06-01-05,425
DEL,07-01-05,550
DEL,08-01-05,710
DEL,09-01-05,1046
DEL,10-01-05,1169
DEL,11-01-05,1025
DEL,12-01-05,700
DEL,01-01-06,541
DEL,02-01-06,433
DEL,03-01-06,391
DEL,04-01-06,391
DEL,05-01-06,370
DEL,06-01-06,404
DEL,07-01-06,450
DEL,08-01-06,501
DEL,09-01-06,506
DEL,10-01-06,514
DEL,11-01-06,439
DEL,12-01-06,712
DEL,01-01-07,1022
DEL,02-01-07,1179
DEL,03-01-07,809
DEL,04-01-07,632
DEL,05-01-07,506
DEL,06-01-07,560
DEL,07-01-07,769
DEL,08-01-07,1120
DEL,09-01-07,1436
DEL,10-01-07,1506
DEL,11-01-07,830
DEL,12-01-07,537
DEL,01-01-08,447
DEL,02-01-08,405
DEL,03-01-08,474
DEL,04-01-08,479
DEL,05-01-08,439
DEL,06-01-08,430
DEL,07-01-08,594
DEL,08-01-08,833
DEL,09-01-08,816
DEL,10-01-08,826
DEL,11-01-08,1024
DEL,12-01-08,1128
DEL,01-01-09,1369
DEL,02-01-09,1108
DEL,03-01-09,957
DEL,04-01-09,712
DEL,05-01-09,640
DEL,06-01-09,649
DEL,07-01-09,740
DEL,08-01-09,796
DEL,09-01-09,858
DEL,10-01-09,1535
DEL,11-01-09,1356
DEL,12-01-09,1382
DEL,01-01-10,1331
DEL,02-01-10,1109
DEL,03-01-10,820
DEL,04-01-10,694
DEL,05-01-10,524
DEL,06-01-10,507
DEL,07-01-10,672
DEL,08-01-10,846
DEL,09-01-10,1294
DEL,10-01-10,1549
DEL,11-01-10,1842
DEL,12-01-10,2388
DEL,01-01-11,2657
DEL,02-01-11,1039
DEL,03-01-11,677
DEL,04-01-11,605
DEL,05-01-11,540
DEL,06-01-11,576
DEL,07-01-11,818
DEL,08-01-11,1069
DEL,09-01-11,1201
DEL,10-01-11,1096
DEL,11-01-11,899
DEL,12-01-11,611
DEL,01-01-12,490
DEL,02-01-12,535
DEL,03-01-12,603
DEL,04-01-12,621
DEL,05-01-12,544
DEL,06-01-12,587
DEL,07-01-12,681
DEL,08-01-12,690
DEL,09-01-12,690
DEL,10-01-12,1019
DEL,11-01-12,1066
DEL,12-01-12,1142
DEL,01-01-13,1351
DEL,02-01-13,1464
DEL,03-01-13,1155
DEL,04-01-13,1013
DEL,05-01-13,860
DEL,06-01-13,1172
DEL,07-01-13,1990
DEL,08-01-13,3510
DEL,09-01-13,4407
DEL,10-01-13,4159
DEL,11-01-13,3395
DEL,12-01-13,1632
DEL,01-01-14,1151
DEL,02-01-14,927
DEL,03-01-14,969
DEL,04-01-14,1031
DEL,05-01-14,1142
DEL,06-01-14,1277
DEL,07-01-14,2042
DEL,08-01-14,1750
DEL,09-01-14,1700
DEL,10-01-14,1629
DEL,11-01-14,1528
DEL,12-01-14,1609
DEL,01-01-15,1353
DEL,02-01-15,1542
DEL,03-01-15,1413
DEL,04-01-15,1335
DEL,05-01-15,1309
DEL,06-01-15,1569
DEL,07-01-15,1880
DEL,08-01-15,3381
DEL,09-01-15,3763
DEL,10-01-15,2913
DEL,11-01-15,2090
DEL,12-01-15,1223
DEL,01-01-16,1154
DEL,02-01-16,898
DEL,03-01-16,897
GUJ,03-01-98,423
GUJ,04-01-98,258
GUJ,05-01-98,234
GUJ,06-01-98,435
GUJ,07-01-98,751
GUJ,08-01-98,1032
GUJ,09-01-98,1334
GUJ,10-01-98,1428.5
GUJ,11-01-98,1417.5
GUJ,12-01-98,1011.5
GUJ,01-01-99,481.5
GUJ,02-01-99,303
GUJ,03-01-99,268.5
GUJ,04-01-99,321
GUJ,05-01-99,391
GUJ,06-01-99,327
GUJ,07-01-99,430
GUJ,08-01-99,405
GUJ,09-01-99,621
GUJ,10-01-99,572
GUJ,11-01-99,390
GUJ,12-01-99,268.5
GUJ,01-01-00,224
GUJ,02-01-00,214
GUJ,03-01-00,204.5
GUJ,04-01-00,260.5
GUJ,05-01-00,292
GUJ,06-01-00,249
GUJ,07-01-00,246
GUJ,08-01-00,276
GUJ,09-01-00,260
GUJ,10-01-00,306
GUJ,11-01-00,357
GUJ,12-01-00,326
GUJ,01-01-01,454
GUJ,02-01-01,310
GUJ,03-01-01,266
GUJ,04-01-01,246
GUJ,05-01-01,272
GUJ,06-01-01,271
GUJ,07-01-01,234
GUJ,08-01-01,301
GUJ,09-01-01,326
GUJ,10-01-01,409
GUJ,11-01-01,467
GUJ,12-01-01,369.5
GUJ,01-01-02,228.6666667
GUJ,02-01-02,191
GUJ,03-01-02,186
GUJ,04-01-02,180
GUJ,05-01-02,168
GUJ,06-01-02,200
GUJ,07-01-02,251
GUJ,08-01-02,307.5
GUJ,09-01-02,308
GUJ,10-01-02,378.5
GUJ,11-01-02,267.5
GUJ,12-01-02,218.5
GUJ,01-01-03,158.6666667
GUJ,02-01-03,130.6666667
GUJ,03-01-03,163
GUJ,04-01-03,214.6666667
GUJ,05-01-03,249.6666667
GUJ,06-01-03,341
GUJ,07-01-03,358.3333333
GUJ,08-01-03,395
GUJ,09-01-03,411.6666667
GUJ,10-01-03,550.6666667
GUJ,11-01-03,379
GUJ,12-01-03,587
GUJ,01-01-04,661.8
GUJ,02-01-04,609.4
GUJ,03-01-04,346.4
GUJ,04-01-04,242.4
GUJ,05-01-04,214.2
GUJ,06-01-04,249.75
GUJ,07-01-04,260.75
GUJ,08-01-04,309
GUJ,09-01-04,314.5
GUJ,10-01-04,379
GUJ,11-01-04,339.2
GUJ,12-01-04,284
GUJ,01-01-05,280.1666667
GUJ,02-01-05,232
GUJ,03-01-05,224.1666667
GUJ,04-01-05,224.5
GUJ,05-01-05,212.8333333
GUJ,06-01-05,238.6
GUJ,07-01-05,297.2
GUJ,08-01-05,465
GUJ,09-01-05,745
GUJ,10-01-05,894.8
GUJ,11-01-05,898.5
GUJ,12-01-05,557.5
GUJ,01-01-06,302.8333333
GUJ,02-01-06,200
GUJ,03-01-06,187.6666667
GUJ,04-01-06,187.5
GUJ,05-01-06,173.1666667
GUJ,06-01-06,224
GUJ,07-01-06,246.8
GUJ,08-01-06,276.75
GUJ,09-01-06,280.2
GUJ,10-01-06,299.25
GUJ,11-01-06,358.3333333
GUJ,12-01-06,541.6666667
GUJ,01-01-07,767.8
GUJ,02-01-07,903.4
GUJ,03-01-07,635
GUJ,04-01-07,464.8
GUJ,05-01-07,433.25
GUJ,06-01-07,672
GUJ,07-01-07,772.2
GUJ,08-01-07,943.2
GUJ,09-01-07,1206.25
GUJ,10-01-07,1099
GUJ,11-01-07,759.6
GUJ,12-01-07,466.3333333
GUJ,01-01-08,292.8333333
GUJ,02-01-08,258.3333333
GUJ,03-01-08,287.8333333
GUJ,04-01-08,251.6666667
GUJ,05-01-08,217.1666667
GUJ,06-01-08,289.4
GUJ,07-01-08,434.2
GUJ,08-01-08,534.4
GUJ,09-01-08,503.2
GUJ,10-01-08,522.6
GUJ,11-01-08,698.4
GUJ,12-01-08,912.3333333
GUJ,01-01-09,1078.833333
GUJ,02-01-09,928.6666667
GUJ,03-01-09,719
GUJ,04-01-09,500.1666667
GUJ,05-01-09,438.5
GUJ,06-01-09,594.4
GUJ,07-01-09,584.2
GUJ,08-01-09,600.6
GUJ,09-01-09,602.4
GUJ,10-01-09,1153.166667
GUJ,11-01-09,1241
GUJ,12-01-09,1335.833333
GUJ,01-01-10,1189.833333
GUJ,02-01-10,1012.833333
GUJ,03-01-10,639.8333333
GUJ,04-01-10,551.8333333
GUJ,05-01-10,441.5
GUJ,06-01-10,508.2
GUJ,07-01-10,554.2
GUJ,08-01-10,706.4
GUJ,09-01-10,1119.8
GUJ,10-01-10,1313.4
GUJ,11-01-10,1688.5
GUJ,12-01-10,2390.666667
GUJ,01-01-11,2291.166667
GUJ,02-01-11,852
GUJ,03-01-11,461.5
GUJ,04-01-11,385.3333333
GUJ,05-01-11,396.8333333
GUJ,06-01-11,502.3333333
GUJ,07-01-11,611.4
GUJ,08-01-11,880.5
GUJ,09-01-11,897.5
GUJ,10-01-11,879.6666667
GUJ,11-01-11,708.8
GUJ,12-01-11,581
GUJ,01-01-12,400.3333333
GUJ,02-01-12,396.3333333
GUJ,03-01-12,419.5
GUJ,04-01-12,429
GUJ,05-01-12,384.4
GUJ,06-01-12,442.6
GUJ,07-01-12,526.25
GUJ,08-01-12,629.5
GUJ,09-01-12,595.75
GUJ,10-01-12,776.6666667
GUJ,11-01-12,979.6
GUJ,12-01-12,1076.166667
GUJ,01-01-13,1275.166667
GUJ,02-01-13,1204
GUJ,03-01-13,900.3333333
GUJ,04-01-13,790
GUJ,05-01-13,670.3333333
GUJ,06-01-13,1063.4
GUJ,07-01-13,1767.4
GUJ,08-01-13,3103.2
GUJ,09-01-13,3702
GUJ,10-01-13,3178
GUJ,11-01-13,2571.833333
GUJ,12-01-13,1316
GUJ,01-01-14,969.8333333
GUJ,02-01-14,656.8333333
GUJ,03-01-14,729
GUJ,04-01-14,748.1666667
GUJ,05-01-14,784
GUJ,06-01-14,1108.8
GUJ,07-01-14,1571.6
GUJ,08-01-14,1382.6
GUJ,09-01-14,1317.75
GUJ,10-01-14,1318.4
GUJ,11-01-14,1197.833333
GUJ,12-01-14,1395
GUJ,01-01-15,1156.571429
GUJ,02-01-15,1359.142857
GUJ,03-01-15,1254.428571
GUJ,04-01-15,1020.428571
GUJ,05-01-15,1037.428571
GUJ,06-01-15,1434.857143
GUJ,07-01-15,1725.5
GUJ,08-01-15,3257
GUJ,09-01-15,3413.142857
GUJ,10-01-15,2289.5
GUJ,11-01-15,1700.5
GUJ,12-01-15,1188
GUJ,01-01-16,978.5
GUJ,02-01-16,701.25
GUJ,03-01-16,672.75
HP,01-01-04,1145
HP,02-01-04,1073
HP,03-01-04,795
HP,04-01-04,677
HP,05-01-04,535
HP,06-01-04,512
HP,07-01-04,550
HP,08-01-04,678
HP,09-01-04,659
HP,10-01-04,683
HP,11-01-04,679
HP,12-01-04,640
HP,01-01-05,624
HP,02-01-05,538
HP,03-01-05,525
HP,05-01-05,529
HP,06-01-05,499
HP,07-01-05,550
HP,08-01-05,586
HP,09-01-05,1281
HP,10-01-05,1331
HP,11-01-05,1500
HP,12-01-05,1036
HP,01-01-06,658
HP,02-01-06,589
HP,03-01-06,564
HP,04-01-06,527
HP,05-01-06,475
HP,06-01-06,494
HP,01-01-07,1270
HP,02-01-07,1500
HP,03-01-07,1150
HP,04-01-07,738
HP,05-01-07,756
HP,07-01-07,450
HP,12-01-07,825
HP,01-01-08,675
HP,05-01-08,700
HP,10-01-09,2100
HP,12-01-09,650
HR,01-01-03,304
HR,02-01-03,276
HR,03-01-03,360
HR,04-01-03,443
HR,05-01-03,415
HR,06-01-03,412
HR,07-01-03,560
HR,08-01-03,546
HR,09-01-03,651
HR,10-01-03,799
HR,11-01-03,640
HR,12-01-03,644
HR,01-01-04,983
HR,02-01-04,963
HR,03-01-04,600
HR,05-01-04,375
HR,07-01-04,442
HR,08-01-04,546
HR,09-01-04,572
HR,10-01-04,728
HR,01-01-05,575
HR,02-01-05,467
HR,06-01-06,452
HR,07-01-06,490
HR,08-01-06,563
HR,09-01-06,539
HR,10-01-06,720
HR,11-01-06,582
HR,12-01-06,1078
HR,01-01-07,1047
HR,02-01-07,1262
HR,03-01-07,947
HR,04-01-07,685.5
HR,05-01-07,518
HR,06-01-07,748
HR,07-01-07,964.5
HR,08-01-07,1174
HR,09-01-07,1613.5
HR,10-01-07,1639
HR,11-01-07,1030
HR,12-01-07,657
HR,01-01-08,468
HR,02-01-08,432.5
HR,03-01-08,495.5
HR,04-01-08,451
HR,05-01-08,398
HR,06-01-08,469
HR,07-01-08,696
HR,08-01-08,907
HR,09-01-08,849
HR,10-01-08,862
HR,11-01-08,1209.5
HR,12-01-08,1237.5
HR,01-01-09,1391.5
HR,02-01-09,1235
HR,03-01-09,1027.5
HR,04-01-09,706
HR,05-01-09,601
HR,06-01-09,790.5
HR,07-01-09,859
HR,08-01-09,862
HR,09-01-09,862
HR,10-01-09,1554.5
HR,11-01-09,1755
HR,12-01-09,1556.5
HR,01-01-10,1598.5
HR,02-01-10,1420
HR,03-01-10,894
HR,04-01-10,745.5
HR,05-01-10,586
HR,06-01-10,629.5
HR,07-01-10,790.5
HR,08-01-10,813.5
HR,09-01-10,1300.5
HR,10-01-10,1672
HR,11-01-10,1872.5
HR,12-01-10,2635.5
HR,01-01-11,2928.5
HR,02-01-11,1301
HR,03-01-11,815.5
HR,04-01-11,673
HR,05-01-11,598.5
HR,06-01-11,613.5
HR,07-01-11,775
HR,08-01-11,1165
HR,09-01-11,1237
HR,10-01-11,1174
HR,11-01-11,1030
HR,12-01-11,775
HR,01-01-12,545.5
HR,02-01-12,507
HR,03-01-12,556
HR,04-01-12,568.5
HR,05-01-12,501
HR,06-01-12,604.5
HR,07-01-12,680
HR,08-01-12,748.5
HR,09-01-12,730.5
HR,10-01-12,772
HR,11-01-12,1314
HR,12-01-12,1495
HR,01-01-13,1524.5
HR,02-01-13,1638
HR,03-01-13,1100
HR,04-01-13,982
HR,05-01-13,961.5
HR,06-01-13,1250.5
HR,07-01-13,2198.5
HR,08-01-13,3885.5
HR,09-01-13,4508
HR,10-01-13,4821
HR,11-01-13,3781.5
HR,12-01-13,2587
HR,01-01-14,1733
HR,02-01-14,1029
HR,03-01-14,1151
HR,04-01-14,1122.5
HR,05-01-14,1027
HR,06-01-14,1305
HR,07-01-14,1960
HR,08-01-14,1775
HR,09-01-14,1748.5
HR,10-01-14,1722.5
HR,11-01-14,1720
HR,12-01-14,1619
HR,01-01-15,1509.5
HR,02-01-15,1605.5
HR,03-01-15,1583
HR,04-01-15,1279.5
HR,05-01-15,1269.5
HR,06-01-15,1766.5
HR,07-01-15,2297
HR,08-01-15,4120
HR,09-01-15,4755.5
HR,10-01-15,3556.5
HR,11-01-15,2638
HR,12-01-15,1536.5
HR,01-01-16,1197
HR,02-01-16,947
HR,03-01-16,900
JH,01-01-05,568
JH,02-01-05,493
JH,03-01-05,454
JH,04-01-05,442
JH,05-01-05,454
JH,06-01-05,486
JH,07-01-05,543
JH,08-01-05,556
JH,09-01-05,753
JH,10-01-05,1086
JH,11-01-05,1379
JH,12-01-05,1183
JH,01-01-06,864
JH,02-01-06,475
JH,03-01-06,451
JH,04-01-06,374
JH,05-01-06,368
JH,06-01-06,436
JH,07-01-06,451
JH,08-01-06,483
JH,09-01-06,475
JH,10-01-06,466
JH,11-01-06,656
JH,12-01-06,795
JH,01-01-07,1070
JH,02-01-07,1238
JH,03-01-07,980
JH,04-01-07,650
JH,05-01-07,548
JH,06-01-07,719
JH,07-01-07,989
JH,08-01-07,1130
JH,09-01-07,1581
JH,10-01-07,1692
JH,11-01-07,1265
JH,12-01-07,781
JH,01-01-08,514
JH,02-01-08,429
JH,03-01-08,483
JH,04-01-08,490
JH,05-01-08,439
JH,06-01-08,548
JH,07-01-08,741
JH,08-01-08,881
JH,09-01-08,983
JH,10-01-08,970
JH,11-01-08,1229
JH,12-01-08,1349
JH,01-01-09,1603
JH,02-01-09,1429
JH,03-01-09,1128
JH,04-01-09,747
JH,05-01-09,605
JH,06-01-09,826
JH,07-01-09,1001
JH,08-01-09,1001
JH,09-01-09,931
JH,10-01-09,1667
JH,11-01-09,1942
JH,12-01-09,1864
JH,01-01-10,1661
JH,02-01-10,1659
JH,03-01-10,1065
JH,04-01-10,688
JH,05-01-10,680
JH,06-01-10,692
JH,07-01-10,900
JH,08-01-10,920
JH,09-01-10,1158
JH,10-01-10,1669
JH,11-01-10,2430
JH,12-01-10,2880
JH,01-01-11,3446
JH,02-01-11,1375
JH,03-01-11,720
JH,04-01-11,500
JH,05-01-11,686
JH,06-01-11,689
JH,08-01-11,1167
JH,09-01-11,1400
JH,11-01-11,1100
JH,12-01-11,859
JH,01-01-12,796
JH,02-01-12,625
JH,03-01-12,682
JH,04-01-12,700
JH,05-01-12,700
JH,06-01-12,660
JH,07-01-12,686
JH,08-01-12,757
JH,09-01-12,845
JH,10-01-12,950
JH,11-01-12,1188
JH,12-01-12,1240
JH,01-01-13,1586
JH,02-01-13,2489
JH,03-01-13,1260
JH,04-01-13,1191
JH,05-01-13,1100
JH,06-01-13,1106
JH,07-01-13,1859
JH,08-01-13,3247
JH,09-01-13,3909
JH,10-01-13,4575
JH,11-01-13,3500
JH,12-01-13,1620
JH,01-01-14,1186
JH,02-01-14,1000
JH,03-01-14,993
JH,04-01-14,1000
JH,05-01-14,1008
JH,06-01-14,1179
JH,07-01-14,1614
JH,08-01-14,1921
JH,09-01-14,1845
JH,10-01-14,1759
JH,11-01-14,1809
JH,12-01-14,1838
JH,01-01-15,1628
JH,02-01-15,1711
JH,03-01-15,1377
JH,04-01-15,1186
JH,12-01-15,600
JK,01-01-04,1078
JK,02-01-04,1040
JK,03-01-04,891
JK,04-01-04,691
JK,05-01-04,652
JK,06-01-04,540
JK,07-01-04,554
JK,08-01-04,728
JK,09-01-04,799
JK,10-01-04,805
JK,11-01-04,875
JK,12-01-04,763
JK,01-01-05,641.5
JK,02-01-05,583
JK,03-01-05,525
JK,04-01-05,598
JK,05-01-05,619
JK,06-01-05,499
JK,07-01-05,541
JK,08-01-05,679.5
JK,09-01-05,1292.5
JK,10-01-05,1383
JK,11-01-05,1405
JK,12-01-05,986
JK,01-01-06,756.5
JK,02-01-06,561.5
JK,03-01-06,527
JK,04-01-06,559
JK,05-01-06,549.5
JK,06-01-06,561
JK,07-01-06,618
JK,08-01-06,647
JK,09-01-06,636
JK,10-01-06,700
JK,11-01-06,723
JK,12-01-06,923
JK,01-01-07,1217
JK,02-01-07,1414
JK,03-01-07,1071
JK,04-01-07,900
JK,05-01-07,769
JK,06-01-07,891
JK,07-01-07,1089
JK,08-01-07,1538
JK,09-01-07,1750
JK,10-01-07,1950
JK,11-01-07,1050
JK,12-01-07,942
JK,01-01-08,600
JK,02-01-08,542
JK,03-01-08,575
JK,04-01-08,610
JK,05-01-08,568
JK,06-01-08,565
JK,07-01-08,811
JK,08-01-08,1017
JK,09-01-08,879
JK,10-01-08,900
JK,11-01-08,1254
JK,12-01-08,1350
JK,01-01-09,1675
JK,02-01-09,1268
JK,03-01-09,1288
JK,04-01-09,960
JK,05-01-09,796
JK,06-01-09,799
JK,07-01-09,846
JK,08-01-09,802
JK,09-01-09,867
JK,10-01-09,1638
JK,11-01-09,1661
JK,12-01-09,1720
JK,01-01-10,1649
JK,02-01-10,1500
JK,03-01-10,1024
JK,04-01-10,917
JK,05-01-10,765
JK,06-01-10,763
JK,07-01-10,901
JK,08-01-10,1111
JK,09-01-10,1630
JK,10-01-10,1782
JK,11-01-10,2259
JK,12-01-10,2741
JK,01-01-11,3645
JK,02-01-11,1390
JK,03-01-11,816
JK,04-01-11,745
JK,05-01-11,720
JK,06-01-11,685
JK,07-01-11,950
JK,08-01-11,1352
JK,09-01-11,1612
JK,10-01-11,1300
JK,11-01-11,1049
JK,12-01-11,868
JK,01-01-12,790
JK,02-01-12,723
JK,03-01-12,742
JK,04-01-12,569
JK,05-01-12,703
JK,06-01-12,726
JK,07-01-12,908
JK,08-01-12,1056
JK,09-01-12,1133
JK,10-01-12,1150
JK,11-01-12,1142
JK,12-01-12,1219
JK,01-01-13,1313
JK,02-01-13,1515
JK,03-01-13,1244
JK,04-01-13,1227
JK,05-01-13,1128
JK,06-01-13,1203
JK,07-01-13,1887
JK,08-01-13,3258
JK,09-01-13,4858
JK,10-01-13,4517
JK,11-01-13,3770
JK,12-01-13,1967
JK,01-01-14,1400
JK,02-01-14,1122
JK,03-01-14,1183
JK,04-01-14,1296
JK,05-01-14,1260
JK,06-01-14,1511
JK,07-01-14,2295
JK,08-01-14,1830
JK,09-01-14,1985
JK,10-01-14,2091
JK,11-01-14,1946
JK,12-01-14,1936
JK,01-01-15,1708
JK,02-01-15,1896
JK,03-01-15,1856
JK,04-01-15,1596
JK,05-01-15,1597
JK,06-01-15,1531
JK,07-01-15,2433
JK,08-01-15,4103
JK,09-01-15,4124
JK,10-01-15,3589
JK,11-01-15,2793
JK,12-01-15,1753
JK,01-01-16,1325
JK,02-01-16,1184
JK,03-01-16,1159
KER,01-01-05,717
KER,02-01-05,680
KER,03-01-05,655
KER,04-01-05,565
KER,05-01-05,595
KER,06-01-05,548
KER,07-01-05,662
KER,08-01-05,806
KER,09-01-05,1450
KER,10-01-05,1400
KER,11-01-05,1554
KER,12-01-05,892
KER,01-01-06,710
KER,02-01-06,741
KER,03-01-06,507
KER,04-01-06,605
KER,05-01-06,395
KER,06-01-06,385
KER,07-01-06,585
KER,08-01-06,711
KER,09-01-06,714
KER,10-01-06,750
KER,11-01-06,885
KER,12-01-06,1085
KER,01-01-07,1508
KER,02-01-07,1392
KER,03-01-07,845
KER,04-01-07,925
KER,05-01-07,875
KER,06-01-07,1140
KER,07-01-07,1300
KER,08-01-07,1192
KER,09-01-07,1825
KER,11-01-07,1525
KER,12-01-07,1375
KER,01-01-08,1108
KER,02-01-08,725
KER,03-01-08,725
KER,04-01-08,725
KER,05-01-08,725
KER,07-01-08,1125
KER,08-01-08,1118
KER,09-01-08,1192
KER,10-01-08,1083
KER,11-01-08,1625
KER,02-01-09,1425
KER,10-01-10,2025
KER,11-01-10,2025
KER,04-01-13,1644
KER,05-01-13,1538
KER,06-01-13,2061
KER,07-01-13,2142
KER,10-01-13,6400
KER,11-01-14,2373
KER,12-01-14,2411
KER,01-01-15,2147
KER,02-01-15,2233
KER,03-01-15,1929
KER,04-01-15,1900
KER,05-01-15,2155
KER,06-01-15,2521
KER,07-01-15,3226.5
KER,08-01-15,4600
KER,09-01-15,5700
KER,12-01-15,2236
KER,01-01-16,1994
KER,02-01-16,1405
KER,03-01-16,1145
KNT,10-01-01,547
KNT,11-01-01,727
KNT,12-01-01,435
KNT,01-01-02,265
KNT,02-01-02,205
KNT,03-01-02,195
KNT,04-01-02,373
KNT,05-01-02,195
KNT,06-01-02,245
KNT,07-01-02,327.5
KNT,08-01-02,404
KNT,09-01-02,406.5
KNT,10-01-02,422
KNT,11-01-02,417
KNT,12-01-02,297
KNT,01-01-03,296.3333333
KNT,02-01-03,217
KNT,03-01-03,247
KNT,04-01-03,383
KNT,05-01-03,342.6666667
KNT,06-01-03,450.3333333
KNT,07-01-03,471
KNT,08-01-03,494
KNT,09-01-03,474.3333333
KNT,10-01-03,585
KNT,11-01-03,543.6666667
KNT,12-01-03,580.3333333
KNT,01-01-04,731
KNT,02-01-04,669.5714286
KNT,03-01-04,495.6666667
KNT,04-01-04,432.5714286
KNT,05-01-04,413.1428571
KNT,06-01-04,445.2857143
KNT,07-01-04,430.1428571
KNT,08-01-04,462.1428571
KNT,09-01-04,390.4285714
KNT,10-01-04,364.1428571
KNT,11-01-04,375.1428571
KNT,12-01-04,370.1428571
KNT,01-01-05,388.5
KNT,02-01-05,365
KNT,03-01-05,307.5
KNT,04-01-05,309.3333333
KNT,05-01-05,331.6
KNT,06-01-05,360.3333333
KNT,07-01-05,412.8333333
KNT,08-01-05,615
KNT,09-01-05,728.5
KNT,10-01-05,770.3333333
KNT,11-01-05,804.8333333
KNT,12-01-05,543
KNT,01-01-06,441.8333333
KNT,02-01-06,341.5
KNT,03-01-06,303
KNT,04-01-06,274
KNT,05-01-06,263.8333333
KNT,06-01-06,324.3333333
KNT,07-01-06,356.8
KNT,08-01-06,402.4
KNT,09-01-06,377.8333333
KNT,10-01-06,364
KNT,11-01-06,361.8333333
KNT,12-01-06,432.5
KNT,01-01-07,726.5
KNT,02-01-07,783.4
KNT,03-01-07,654
KNT,04-01-07,467
KNT,05-01-07,496.8
KNT,06-01-07,716.6
KNT,07-01-07,794
KNT,08-01-07,953
KNT,09-01-07,837.2
KNT,10-01-07,800.8
KNT,11-01-07,661.8333333
KNT,12-01-07,533.8
KNT,01-01-08,401.2
KNT,02-01-08,355
KNT,03-01-08,348
KNT,04-01-08,333.6
KNT,05-01-08,325.8
KNT,06-01-08,408.6
KNT,07-01-08,601.2
KNT,08-01-08,809.8
KNT,09-01-08,594.2
KNT,10-01-08,486.6
KNT,11-01-08,850.3333333
KNT,12-01-08,869.6666667
KNT,01-01-09,1148.833333
KNT,02-01-09,970.4
KNT,03-01-09,640
KNT,04-01-09,514.1666667
KNT,05-01-09,527.5
KNT,06-01-09,680
KNT,07-01-09,675
KNT,08-01-09,702
KNT,09-01-09,683.5
KNT,10-01-09,879.6666667
KNT,11-01-09,1065.5
KNT,12-01-09,1314.833333
KNT,01-01-10,1119.2
KNT,02-01-10,882.2
KNT,03-01-10,601.2
KNT,04-01-10,495.1666667
KNT,05-01-10,525.8333333
KNT,06-01-10,625.1666667
KNT,07-01-10,686.8333333
KNT,08-01-10,791.6666667
KNT,09-01-10,998.6666667
KNT,10-01-10,1043.666667
KNT,11-01-10,1347.2
KNT,12-01-10,2153.6
KNT,01-01-11,2158.8
KNT,02-01-11,994.3333333
KNT,03-01-11,565
KNT,04-01-11,523.4
KNT,05-01-11,532.3333333
KNT,06-01-11,663
KNT,07-01-11,797.1666667
KNT,08-01-11,965
KNT,09-01-11,954.3333333
KNT,10-01-11,812.5
KNT,11-01-11,776.1666667
KNT,12-01-11,651.5
KNT,01-01-12,501.6666667
KNT,02-01-12,442.6666667
KNT,03-01-12,454.1666667
KNT,04-01-12,504.5
KNT,05-01-12,502
KNT,06-01-12,589.5
KNT,07-01-12,671.6666667
KNT,08-01-12,745
KNT,09-01-12,704.1666667
KNT,10-01-12,738.8333333
KNT,11-01-12,1001.833333
KNT,12-01-12,1127.833333
KNT,01-01-13,1168
KNT,02-01-13,1269
KNT,03-01-13,957.3333333
KNT,04-01-13,941.1666667
KNT,05-01-13,947.5
KNT,06-01-13,1295.833333
KNT,07-01-13,1930
KNT,08-01-13,3041.666667
KNT,09-01-13,2724.333333
KNT,10-01-13,2477.5
KNT,11-01-13,2158.666667
KNT,12-01-13,1295
KNT,01-01-14,889
KNT,02-01-14,625
KNT,03-01-14,601.6666667
KNT,04-01-14,625.6
KNT,05-01-14,965.8333333
KNT,06-01-14,1276
KNT,07-01-14,1724
KNT,08-01-14,1594.333333
KNT,09-01-14,1226.166667
KNT,10-01-14,1095.5
KNT,11-01-14,1029.142857
KNT,12-01-14,1102.857143
KNT,01-01-15,1180
KNT,02-01-15,1360.625
KNT,03-01-15,1190.857143
KNT,04-01-15,1120.285714
KNT,05-01-15,1205.571429
KNT,06-01-15,1453.428571
KNT,07-01-15,1840.857143
KNT,08-01-15,2897
KNT,09-01-15,2902
KNT,10-01-15,1894.857143
KNT,11-01-15,1615.571429
KNT,12-01-15,1287.714286
KNT,01-01-16,1201.285714
KNT,02-01-16,877.7142857
KNT,03-01-16,676
MH,01-01-96,226
MH,02-01-96,186
MH,03-01-96,243
MH,04-01-96,254
MH,05-01-96,269
MH,06-01-96,367
MH,07-01-96,368
MH,08-01-96,340
MH,09-01-96,317
MH,10-01-96,492
MH,11-01-96,376
MH,12-01-96,385
MH,01-01-97,290
MH,02-01-97,271
MH,03-01-97,273
MH,04-01-97,214
MH,05-01-97,213
MH,06-01-97,195
MH,07-01-97,148.2
MH,08-01-97,195
MH,09-01-97,240.6
MH,10-01-97,322
MH,11-01-97,617.4
MH,12-01-97,688.75
MH,01-01-98,1049.571429
MH,02-01-98,822
MH,03-01-98,396.375
MH,04-01-98,239.625
MH,05-01-98,312.75
MH,06-01-98,583
MH,07-01-98,838.875
MH,08-01-98,1319.5
MH,09-01-98,1772.375
MH,10-01-98,2289
MH,11-01-98,1443
MH,12-01-98,1055.166667
MH,01-01-99,494.7142857
MH,02-01-99,278.6666667
MH,03-01-99,241.8888889
MH,04-01-99,345.7777778
MH,05-01-99,464.8888889
MH,06-01-99,427.5555556
MH,07-01-99,424.5555556
MH,08-01-99,396.1111111
MH,09-01-99,605
MH,10-01-99,554.4444444
MH,11-01-99,439.8888889
MH,12-01-99,302.8888889
MH,01-01-00,227.3333333
MH,02-01-00,216
MH,03-01-00,209.2222222
MH,04-01-00,189.7777778
MH,05-01-00,188.5555556
MH,06-01-00,181
MH,07-01-00,198.5555556
MH,08-01-00,252.2222222
MH,09-01-00,301.2222222
MH,10-01-00,427.8888889
MH,11-01-00,582.1111111
MH,12-01-00,517.4444444
MH,01-01-01,480.7777778
MH,02-01-01,336.1111111
MH,03-01-01,307.6666667
MH,04-01-01,247.7777778
MH,05-01-01,210.5555556
MH,06-01-01,286.4444444
MH,07-01-01,344.7777778
MH,08-01-01,520.2222222
MH,09-01-01,479.3
MH,10-01-01,518.6666667
MH,11-01-01,722.1111111
MH,12-01-01,406.9
MH,01-01-02,242.7142857
MH,02-01-02,202.5384615
MH,03-01-02,179.8333333
MH,04-01-02,166.0714286
MH,05-01-02,178.3571429
MH,06-01-02,275.2857143
MH,07-01-02,337.0714286
MH,08-01-02,430.1428571
MH,09-01-02,440.7857143
MH,10-01-02,547.1428571
MH,11-01-02,390.5384615
MH,12-01-02,253.6666667
MH,01-01-03,176.4545455
MH,02-01-03,154.0714286
MH,03-01-03,214.0769231
MH,04-01-03,271.5384615
MH,05-01-03,293.8461538
MH,06-01-03,415
MH,07-01-03,426.1538462
MH,08-01-03,463.6923077
MH,09-01-03,506.2142857
MH,10-01-03,710.0769231
MH,11-01-03,576.3846154
MH,12-01-03,635.9230769
MH,01-01-04,726.15
MH,02-01-04,657.1764706
MH,03-01-04,383.5789474
MH,04-01-04,289.45
MH,05-01-04,296.2105263
MH,06-01-04,353.0526316
MH,07-01-04,348.7894737
MH,08-01-04,367.9
MH,09-01-04,366.05
MH,10-01-04,452.7894737
MH,11-01-04,380.7368421
MH,12-01-04,336.5
MH,01-01-05,286.5652174
MH,02-01-05,256.3333333
MH,03-01-05,225.2608696
MH,04-01-05,252.3043478
MH,05-01-05,234.3333333
MH,06-01-05,298.5217391
MH,07-01-05,353.8
MH,08-01-05,588.8333333
MH,09-01-05,799.75
MH,10-01-05,1023.708333
MH,11-01-05,1006.782609
MH,12-01-05,525.4347826
MH,01-01-06,296.0769231
MH,02-01-06,216.04
MH,03-01-06,191.6
MH,04-01-06,217.8181818
MH,05-01-06,189.96
MH,06-01-06,271.6956522
MH,07-01-06,297.952381
MH,08-01-06,321.4347826
MH,09-01-06,313.76
MH,10-01-06,373.6521739
MH,11-01-06,443.36
MH,12-01-06,623.1153846
MH,01-01-07,829.5517241
MH,02-01-07,898.8148148
MH,03-01-07,598.8214286
MH,04-01-07,438.5925926
MH,05-01-07,470.4230769
MH,06-01-07,763.9230769
MH,07-01-07,800.2307692
MH,08-01-07,1091.925926
MH,09-01-07,1295.535714
MH,10-01-07,1239.692308
MH,11-01-07,731.88
MH,12-01-07,479.8
MH,01-01-08,282.1481481
MH,02-01-08,265.1481481
MH,03-01-08,292.7083333
MH,04-01-08,268.0869565
MH,05-01-08,230.92
MH,06-01-08,354.16
MH,07-01-08,575.64
MH,08-01-08,730.4705882
MH,09-01-08,589.1818182
MH,10-01-08,593.7272727
MH,11-01-08,897.4583333
MH,12-01-08,990.2857143
MH,01-01-09,1129.2
MH,02-01-09,979.8518519
MH,03-01-09,654.6923077
MH,04-01-09,452.4615385
MH,05-01-09,455.2307692
MH,06-01-09,621.6153846
MH,07-01-09,593.48
MH,08-01-09,622.5
MH,09-01-09,622.4642857
MH,10-01-09,1270.571429
MH,11-01-09,1412.740741
MH,12-01-09,1337.740741
MH,01-01-10,1184.392857
MH,02-01-10,930.2222222
MH,03-01-10,585.9259259
MH,04-01-10,489.5357143
MH,05-01-10,506.5
MH,06-01-10,586.9259259
MH,07-01-10,623.3333333
MH,08-01-10,796.2692308
MH,09-01-10,1221.814815
MH,10-01-10,1333.230769
MH,11-01-10,1735.653846
MH,12-01-10,2391.428571
MH,01-01-11,2418
MH,02-01-11,854.5833333
MH,03-01-11,456.5384615
MH,04-01-11,490.8846154
MH,05-01-11,503.6153846
MH,06-01-11,672.92
MH,07-01-11,781.64
MH,08-01-11,1002.72
MH,09-01-11,987.0384615
MH,10-01-11,837.7692308
MH,11-01-11,775.9583333
MH,12-01-11,560.3461538
MH,01-01-12,386.9615385
MH,02-01-12,343.9130435
MH,03-01-12,353.4090909
MH,04-01-12,400.04
MH,05-01-12,364.2
MH,06-01-12,452.5
MH,07-01-12,542.2083333
MH,08-01-12,599.9130435
MH,09-01-12,523.76
MH,10-01-12,792.5
MH,11-01-12,993.5833333
MH,12-01-12,1149.909091
MH,01-01-13,1328.181818
MH,02-01-13,1339.041667
MH,03-01-13,921.1363636
MH,04-01-13,785.5
MH,05-01-13,876.1304348
MH,06-01-13,1291.041667
MH,07-01-13,1981.130435
MH,08-01-13,3384
MH,09-01-13,4039.809524
MH,10-01-13,3589.090909
MH,11-01-13,2581.736842
MH,12-01-13,1333.35
MH,01-01-14,872.8421053
MH,02-01-14,612.8888889
MH,03-01-14,712.1666667
MH,04-01-14,721
MH,05-01-14,796.0555556
MH,06-01-14,1217.25
MH,07-01-14,1701.578947
MH,08-01-14,1515.090909
MH,09-01-14,1316.347826
MH,10-01-14,1355.954545
MH,11-01-14,1354.24
MH,12-01-14,1396.433333
MH,01-01-15,1152.785714
MH,02-01-15,1324.433333
MH,03-01-15,1089.458333
MH,04-01-15,964.2142857
MH,05-01-15,1160.714286
MH,06-01-15,1501.482759
MH,07-01-15,1966.1
MH,08-01-15,4055
MH,09-01-15,3965.441176
MH,10-01-15,2809.322581
MH,11-01-15,1930.806452
MH,12-01-15,1250.705882
MH,01-01-16,1127.935484
MH,02-01-16,783.9
MH,03-01-16,663.5151515
MP,01-01-02,274
MP,02-01-02,219.5
MP,03-01-02,180
MP,04-01-02,150.5
MP,05-01-02,133
MP,06-01-02,178.5
MP,07-01-02,224
MP,08-01-02,290.5
MP,09-01-02,369.5
MP,10-01-02,399.5
MP,11-01-02,302
MP,12-01-02,213
MP,01-01-03,171
MP,02-01-03,154
MP,03-01-03,194
MP,04-01-03,217
MP,05-01-03,214
MP,06-01-03,245
MP,07-01-03,321
MP,08-01-03,360.5
MP,09-01-03,465
MP,10-01-03,542
MP,11-01-03,364.6666667
MP,12-01-03,390.3333333
MP,01-01-04,578
MP,02-01-04,529
MP,03-01-04,325
MP,04-01-04,221
MP,05-01-04,186
MP,06-01-04,214
MP,07-01-04,276
MP,08-01-04,368
MP,09-01-04,321
MP,10-01-04,394
MP,11-01-04,314
MP,12-01-04,289
MP,01-01-05,271
MP,02-01-05,228
MP,03-01-05,230
MP,04-01-05,181.5
MP,05-01-05,191.6666667
MP,06-01-05,201.3333333
MP,07-01-05,250.6666667
MP,08-01-05,300
MP,09-01-05,659
MP,10-01-05,1012.333333
MP,11-01-05,843
MP,12-01-05,593
MP,01-01-06,340.6666667
MP,02-01-06,272
MP,03-01-06,250.3333333
MP,04-01-06,192
MP,05-01-06,178
MP,06-01-06,202.3333333
MP,07-01-06,184.5
MP,08-01-06,264.5
MP,09-01-06,181
MP,10-01-06,266.5
MP,11-01-06,327.3333333
MP,12-01-06,430.5
MP,01-01-07,789.5
MP,02-01-07,789.5
MP,03-01-07,591
MP,04-01-07,406
MP,05-01-07,815.6666667
MP,06-01-07,526.5
MP,07-01-07,773
MP,08-01-07,1071
MP,09-01-07,1330
MP,10-01-07,1042
MP,11-01-07,753
MP,12-01-07,481
MP,01-01-08,333
MP,02-01-08,303
MP,03-01-08,300
MP,04-01-08,280.5
MP,05-01-08,263
MP,06-01-08,265
MP,07-01-08,667
MP,09-01-08,610
MP,10-01-08,690
MP,01-01-09,971
MP,02-01-09,1007
MP,03-01-09,692.5
MP,04-01-09,450
MP,05-01-09,420.5
MP,06-01-09,603
MP,07-01-09,584
MP,08-01-09,584
MP,09-01-09,629
MP,10-01-09,1206
MP,11-01-09,1118.75
MP,12-01-09,983.3333333
MP,01-01-10,1213.5
MP,02-01-10,1027.5
MP,03-01-10,619
MP,04-01-10,464
MP,05-01-10,362
MP,06-01-10,477.5
MP,07-01-10,635.5
MP,08-01-10,780.5
MP,09-01-10,1208
MP,10-01-10,1325.5
MP,11-01-10,1500.666667
MP,12-01-10,1806.333333
MP,01-01-11,2136.5
MP,02-01-11,790.3333333
MP,03-01-11,395.5
MP,04-01-11,414
MP,05-01-11,385
MP,06-01-11,532
MP,07-01-11,717
MP,08-01-11,884
MP,09-01-11,938
MP,10-01-11,767
MP,11-01-11,750
MP,12-01-11,513
MP,01-01-12,380
MP,02-01-12,433
MP,03-01-12,384.5
MP,04-01-12,385
MP,05-01-12,330
MP,06-01-12,399.5
MP,07-01-12,450
MP,08-01-12,435
MP,09-01-12,375
MP,10-01-12,706
MP,11-01-12,875
MP,12-01-12,1057
MP,01-01-13,1238
MP,02-01-13,1129
MP,03-01-13,801
MP,04-01-13,623
MP,05-01-13,481.5
MP,06-01-13,811
MP,07-01-13,1393.5
MP,08-01-13,2540
MP,09-01-13,3639
MP,10-01-13,2612
MP,11-01-13,2983
MP,12-01-13,1119
MP,01-01-14,867
MP,02-01-14,567.5
MP,03-01-14,747
MP,04-01-14,629
MP,05-01-14,622
MP,06-01-14,806.5
MP,07-01-14,1410
MP,08-01-14,1224
MP,09-01-14,1112
MP,10-01-14,1310
MP,11-01-14,1148.666667
MP,12-01-14,1155
MP,01-01-15,834.3333333
MP,02-01-15,926
MP,03-01-15,973
MP,04-01-15,747.3333333
MP,05-01-15,753.6666667
MP,06-01-15,1003.666667
MP,07-01-15,1595
MP,08-01-15,2614
MP,09-01-15,3243.25
MP,10-01-15,2592.333333
MP,11-01-15,1334.5
MP,12-01-15,982
MP,01-01-16,871
MP,02-01-16,608.5
MP,03-01-16,609.5
OR,01-01-05,455
OR,02-01-05,398
OR,05-01-05,580
OR,06-01-05,392
OR,08-01-05,575
OR,09-01-05,1017
OR,10-01-05,1400
OR,11-01-05,1325
OR,12-01-05,907
OR,01-01-06,616
OR,02-01-06,463
OR,03-01-06,497
OR,04-01-06,515
OR,05-01-06,439
OR,06-01-06,463
OR,07-01-06,546
OR,08-01-06,550
OR,09-01-06,623
OR,10-01-06,649
OR,11-01-06,626
OR,12-01-06,740
OR,01-01-07,1061
OR,02-01-07,1376
OR,03-01-07,938
OR,04-01-07,708
OR,05-01-07,660
OR,06-01-07,1039
OR,07-01-07,1134
OR,08-01-07,1279
OR,09-01-07,1420
OR,10-01-07,1383
OR,11-01-07,1093
OR,12-01-07,858
OR,01-01-08,597
OR,02-01-08,488
OR,03-01-08,551
OR,04-01-08,593
OR,05-01-08,597
OR,06-01-08,644
OR,07-01-08,779
OR,08-01-08,952
OR,09-01-08,992
OR,10-01-08,905
OR,11-01-08,1277
OR,12-01-08,1350
OR,01-01-09,1548
OR,02-01-09,1589
OR,03-01-09,1282
OR,04-01-09,908
OR,05-01-09,902
OR,06-01-09,1081
OR,07-01-09,1075
OR,08-01-09,1046
OR,09-01-09,1072
OR,10-01-09,1813
OR,11-01-09,1983
OR,12-01-09,2056
OR,01-01-10,1807
OR,02-01-10,1533
OR,03-01-10,1031
OR,04-01-10,843
OR,05-01-10,776
OR,06-01-10,892
OR,07-01-10,1019
OR,08-01-10,1077
OR,09-01-10,1360
OR,10-01-10,1823
OR,11-01-10,2161
OR,12-01-10,2897
OR,01-01-11,3638
OR,02-01-11,1490
OR,03-01-11,924
OR,04-01-11,787
OR,05-01-11,754
OR,06-01-11,853
OR,07-01-11,1103
OR,08-01-11,1371
OR,09-01-11,1407
OR,10-01-11,1289
OR,11-01-11,1286
OR,12-01-11,1024
OR,01-01-12,822
OR,02-01-12,675
OR,03-01-12,713
OR,04-01-12,825
OR,05-01-12,838
OR,06-01-12,802
OR,07-01-12,921
OR,08-01-12,1006
OR,09-01-12,964
OR,10-01-12,1202
OR,11-01-12,1590
OR,12-01-12,1604
OR,01-01-13,1650
OR,04-01-13,1146
OR,05-01-13,1148
OR,06-01-13,1638
OR,07-01-13,2479
OR,08-01-13,3947
OR,09-01-13,4350
OR,10-01-13,4632
OR,11-01-13,4094
OR,12-01-13,2442
OR,01-01-14,1399
OR,02-01-14,1079
OR,03-01-14,1196
OR,04-01-14,1165
OR,05-01-14,1338
OR,06-01-14,1456
OR,07-01-14,2360
OR,08-01-14,2195
OR,09-01-14,1931
OR,10-01-14,1838
OR,11-01-14,2003
OR,12-01-14,2049
OR,01-01-15,1754
OR,02-01-15,2081
OR,03-01-15,1861
OR,04-01-15,1578
OR,05-01-15,1560
OR,06-01-15,2219
OR,07-01-15,2458
OR,08-01-15,4060
OR,09-01-15,4401
OR,10-01-15,3465
OR,11-01-15,2532
OR,12-01-15,1837
OR,01-01-16,1619
OR,02-01-16,1302
OR,03-01-16,1165
PB,01-01-05,440
PB,02-01-05,366.3333333
PB,03-01-05,322
PB,05-01-05,430.3333333
PB,06-01-05,335.6666667
PB,07-01-05,396.6666667
PB,08-01-05,474.5
PB,09-01-05,961
PB,10-01-05,1317.666667
PB,11-01-05,918.3333333
PB,12-01-05,765.6666667
PB,01-01-06,541.5
PB,02-01-06,397.4
PB,03-01-06,368.8
PB,04-01-06,358.4
PB,05-01-06,333
PB,06-01-06,355.6
PB,07-01-06,405
PB,08-01-06,437.75
PB,09-01-06,454.25
PB,10-01-06,476.6666667
PB,11-01-06,523
PB,12-01-06,726.3333333
PB,01-01-07,912.3333333
PB,02-01-07,1254
PB,03-01-07,870.5
PB,04-01-07,684.3333333
PB,05-01-07,536
PB,06-01-07,628
PB,07-01-07,792.6666667
PB,08-01-07,1140.333333
PB,09-01-07,1464.333333
PB,10-01-07,1753.333333
PB,11-01-07,982.3333333
PB,12-01-07,697
PB,01-01-08,528.6666667
PB,02-01-08,443
PB,03-01-08,520
PB,04-01-08,510
PB,05-01-08,462.6666667
PB,06-01-08,417
PB,07-01-08,561.3333333
PB,08-01-08,769.25
PB,09-01-08,741.6666667
PB,10-01-08,821.3333333
PB,11-01-08,997.3333333
PB,12-01-08,1310.75
PB,01-01-09,1357.5
PB,02-01-09,1241.25
PB,03-01-09,1100
PB,04-01-09,806.25
PB,05-01-09,686.75
PB,06-01-09,624.8
PB,07-01-09,747.75
PB,08-01-09,865.2
PB,09-01-09,853.2
PB,10-01-09,1593.166667
PB,11-01-09,1560.25
PB,12-01-09,1442.166667
PB,01-01-10,1479.333333
PB,02-01-10,1337.2
PB,03-01-10,780.4
PB,04-01-10,701
PB,05-01-10,549
PB,06-01-10,564.1666667
PB,07-01-10,666.5
PB,08-01-10,847.25
PB,09-01-10,1372.5
PB,10-01-10,1597.333333
PB,11-01-10,1985.166667
PB,12-01-10,2813.25
PB,01-01-11,3314.5
PB,02-01-11,1264.8
PB,03-01-11,794.5
PB,04-01-11,643.8
PB,05-01-11,616
PB,06-01-11,575.3333333
PB,07-01-11,832.5
PB,08-01-11,1130.2
PB,09-01-11,1245
PB,10-01-11,1191
PB,11-01-11,1095.5
PB,12-01-11,825.8
PB,01-01-12,638.5
PB,02-01-12,592.75
PB,03-01-12,649.25
PB,04-01-12,615
PB,05-01-12,582.75
PB,06-01-12,617
PB,07-01-12,708.8
PB,08-01-12,769.5
PB,09-01-12,721.8
PB,10-01-12,878.3333333
PB,11-01-12,1221
PB,12-01-12,1276.5
PB,01-01-13,1571
PB,02-01-13,1535.6
PB,03-01-13,1221.25
PB,04-01-13,1090.75
PB,05-01-13,965.75
PB,06-01-13,1211.75
PB,07-01-13,2025.5
PB,08-01-13,3891.5
PB,09-01-13,4334.2
PB,10-01-13,4029.4
PB,11-01-13,3146.25
PB,12-01-13,1840.4
PB,01-01-14,1108.666667
PB,02-01-14,961.6
PB,03-01-14,971
PB,04-01-14,870.5
PB,05-01-14,937.1666667
PB,06-01-14,1102
PB,07-01-14,1889
PB,08-01-14,1680.8
PB,09-01-14,1573.666667
PB,10-01-14,1558
PB,11-01-14,1457.875
PB,12-01-14,1619.625
PB,01-01-15,1460.875
PB,02-01-15,1575.875
PB,03-01-15,1473.875
PB,04-01-15,1196.857143
PB,05-01-15,1190.875
PB,06-01-15,1469.5
PB,07-01-15,1615.714286
PB,08-01-15,3064
PB,09-01-15,3573.333333
PB,10-01-15,2886.5
PB,11-01-15,2166.833333
PB,12-01-15,1367.666667
PB,01-01-16,1202.833333
PB,02-01-16,982.3333333
PB,03-01-16,936.6666667
RAJ,01-01-04,790
RAJ,02-01-04,736
RAJ,03-01-04,423
RAJ,04-01-04,344
RAJ,05-01-04,230
RAJ,06-01-04,199
RAJ,07-01-04,248
RAJ,08-01-04,366
RAJ,09-01-04,495
RAJ,10-01-04,463
RAJ,11-01-04,424
RAJ,12-01-04,368
RAJ,01-01-05,314.5
RAJ,02-01-05,290
RAJ,03-01-05,298
RAJ,04-01-05,289.5
RAJ,05-01-05,215.5
RAJ,06-01-05,204
RAJ,07-01-05,258
RAJ,08-01-05,377.5
RAJ,09-01-05,757.5
RAJ,10-01-05,873.5
RAJ,11-01-05,846
RAJ,12-01-05,581
RAJ,01-01-06,396.5
RAJ,02-01-06,285
RAJ,03-01-06,272.5
RAJ,04-01-06,244.5
RAJ,05-01-06,222.5
RAJ,06-01-06,264.5
RAJ,07-01-06,300
RAJ,08-01-06,334.5
RAJ,09-01-06,316
RAJ,10-01-06,375.5
RAJ,11-01-06,480
RAJ,12-01-06,504
RAJ,01-01-07,768
RAJ,02-01-07,882
RAJ,03-01-07,609.5
RAJ,04-01-07,550.5
RAJ,05-01-07,400.5
RAJ,06-01-07,473.5
RAJ,07-01-07,563
RAJ,08-01-07,883.5
RAJ,09-01-07,1095.5
RAJ,10-01-07,1160
RAJ,11-01-07,755
RAJ,12-01-07,500.5
RAJ,01-01-08,387.5
RAJ,02-01-08,320
RAJ,03-01-08,361
RAJ,04-01-08,330
RAJ,05-01-08,297
RAJ,06-01-08,362
RAJ,07-01-08,449
RAJ,08-01-08,545
RAJ,09-01-08,521.5
RAJ,10-01-08,558
RAJ,11-01-08,815
RAJ,12-01-08,945
RAJ,01-01-09,1143
RAJ,02-01-09,912.5
RAJ,03-01-09,805.5
RAJ,04-01-09,576.5
RAJ,05-01-09,456
RAJ,06-01-09,423.5
RAJ,07-01-09,482.5
RAJ,08-01-09,597
RAJ,09-01-09,692
RAJ,10-01-09,1202.666667
RAJ,11-01-09,1172.333333
RAJ,12-01-09,888.3333333
RAJ,01-01-10,977
RAJ,02-01-10,950.25
RAJ,03-01-10,780
RAJ,04-01-10,517.25
RAJ,05-01-10,416
RAJ,06-01-10,448.75
RAJ,07-01-10,534.25
RAJ,08-01-10,673.25
RAJ,09-01-10,1003.75
RAJ,10-01-10,1190.5
RAJ,11-01-10,1337
RAJ,12-01-10,1798.25
RAJ,01-01-11,2104
RAJ,02-01-11,886
RAJ,03-01-11,470.6666667
RAJ,04-01-11,444.25
RAJ,05-01-11,393
RAJ,06-01-11,429.25
RAJ,07-01-11,607.75
RAJ,08-01-11,726.5
RAJ,09-01-11,989.25
RAJ,10-01-11,940.5
RAJ,11-01-11,750
RAJ,12-01-11,498.75
RAJ,01-01-12,371.75
RAJ,02-01-12,359
RAJ,03-01-12,484
RAJ,04-01-12,487.75
RAJ,05-01-12,414.25
RAJ,06-01-12,422.75
RAJ,07-01-12,580.2
RAJ,08-01-12,576.2
RAJ,09-01-12,586.4
RAJ,10-01-12,702.75
RAJ,11-01-12,811.4
RAJ,12-01-12,860
RAJ,01-01-13,978.8
RAJ,02-01-13,982.6
RAJ,03-01-13,855.6666667
RAJ,04-01-13,739.25
RAJ,05-01-13,614.6666667
RAJ,06-01-13,825
RAJ,07-01-13,1511.4
RAJ,08-01-13,2901.5
RAJ,09-01-13,3784
RAJ,10-01-13,3277.2
RAJ,11-01-13,2647
RAJ,12-01-13,1230.2
RAJ,01-01-14,873
RAJ,02-01-14,630.8
RAJ,03-01-14,766
RAJ,04-01-14,720.5
RAJ,05-01-14,685.5
RAJ,06-01-14,814.75
RAJ,07-01-14,1461.333333
RAJ,08-01-14,1456.75
RAJ,09-01-14,1568.6
RAJ,10-01-14,1361.75
RAJ,11-01-14,1213.4
RAJ,12-01-14,1353.2
RAJ,01-01-15,1111
RAJ,02-01-15,1235.2
RAJ,03-01-15,1375.714286
RAJ,04-01-15,1105
RAJ,05-01-15,974.5
RAJ,06-01-15,1222.833333
RAJ,07-01-15,1636.2
RAJ,08-01-15,2869
RAJ,09-01-15,3781.571429
RAJ,10-01-15,2502
RAJ,11-01-15,1703.714286
RAJ,12-01-15,1041.142857
RAJ,01-01-16,892
RAJ,02-01-16,846
RAJ,03-01-16,922.2
TN,01-01-02,655
TN,02-01-02,565
TN,03-01-02,448.5
TN,04-01-02,487.5
TN,05-01-02,540
TN,06-01-02,740
TN,07-01-02,754.5
TN,08-01-02,937
TN,09-01-02,929.5
TN,10-01-02,1112.5
TN,11-01-02,1263
TN,12-01-02,846.5
TN,01-01-03,518
TN,02-01-03,491.5
TN,03-01-03,475.5
TN,04-01-03,708.5
TN,05-01-03,815.5
TN,06-01-03,826
TN,07-01-03,817.5
TN,08-01-03,713
TN,09-01-03,721.5
TN,10-01-03,919.5
TN,11-01-03,933
TN,12-01-03,862.5
TN,01-01-04,910
TN,02-01-04,873
TN,03-01-04,580
TN,04-01-04,527
TN,05-01-04,529
TN,06-01-04,555
TN,07-01-04,566
TN,08-01-04,618
TN,09-01-04,529
TN,10-01-04,764
TN,11-01-04,758.6666667
TN,12-01-04,676.6666667
TN,01-01-05,604.25
TN,02-01-05,580
TN,03-01-05,549
TN,04-01-05,617.3333333
TN,05-01-05,481
TN,06-01-05,511
TN,07-01-05,599
TN,08-01-05,787.3333333
TN,09-01-05,976.5
TN,10-01-05,1042
TN,11-01-05,1393.5
TN,12-01-05,1108
TN,01-01-06,804.5
TN,02-01-06,568.3333333
TN,03-01-06,607.6666667
TN,04-01-06,598
TN,05-01-06,384
TN,06-01-06,467
TN,07-01-06,505
TN,08-01-06,487
TN,09-01-06,502
TN,10-01-06,537
TN,11-01-06,638
TN,12-01-06,825
TN,01-01-07,1129
TN,02-01-07,1064.333333
TN,03-01-07,789.6666667
TN,04-01-07,724
TN,05-01-07,710
TN,06-01-07,999
TN,07-01-07,1041
TN,08-01-07,1262
TN,09-01-07,1198
TN,10-01-07,1425
TN,11-01-07,1220
TN,12-01-07,910
TN,01-01-08,797
TN,02-01-08,581
TN,03-01-08,585
TN,04-01-08,598
TN,05-01-08,530
TN,06-01-08,586
TN,07-01-08,840
TN,08-01-08,985
TN,09-01-08,875
TN,10-01-08,868
TN,11-01-08,1319
TN,12-01-08,1317
TN,01-01-09,1762
TN,02-01-09,1352
TN,03-01-09,1115
TN,04-01-09,903
TN,05-01-09,745
TN,06-01-09,1038
TN,07-01-09,978
TN,08-01-09,967
TN,09-01-09,1221
TN,10-01-09,1763.333333
TN,11-01-09,2075.666667
TN,12-01-09,2369
TN,01-01-10,2072.666667
TN,02-01-10,1538
TN,03-01-10,1114.666667
TN,04-01-10,991.3333333
TN,05-01-10,996.3333333
TN,06-01-10,1207.666667
TN,07-01-10,1298.333333
TN,08-01-10,1237
TN,09-01-10,1351.666667
TN,10-01-10,2006
TN,11-01-10,2360
TN,12-01-10,3646
TN,01-01-11,4083
TN,02-01-11,1589
TN,03-01-11,880
TN,04-01-11,1003
TN,05-01-11,939
TN,06-01-11,1067
TN,07-01-11,1179
TN,08-01-11,1383
TN,09-01-11,1394
TN,10-01-11,1470
TN,11-01-11,1425
TN,12-01-11,1367
TN,01-01-12,892
TN,02-01-12,883
TN,03-01-12,808
TN,04-01-12,834
TN,05-01-12,775
TN,06-01-12,887
TN,07-01-12,1038
TN,08-01-12,1143
TN,09-01-12,1123
TN,10-01-12,1269
TN,11-01-12,1921
TN,12-01-12,1910
TN,01-01-13,1964
TN,02-01-13,2033
TN,03-01-13,1518
TN,04-01-13,1410
TN,05-01-13,1431
TN,06-01-13,1850
TN,07-01-13,2756
TN,08-01-13,4530
TN,09-01-13,4695.333333
TN,10-01-13,4819
TN,11-01-13,4681
TN,12-01-13,2960.333333
TN,01-01-14,1563.333333
TN,02-01-14,1240.333333
TN,03-01-14,1227
TN,04-01-14,1261
TN,05-01-14,1546.666667
TN,06-01-14,1965.333333
TN,07-01-14,2800.666667
TN,08-01-14,2691
TN,09-01-14,2323.666667
TN,10-01-14,2463
TN,11-01-14,2337
TN,12-01-14,2454.666667
TN,01-01-15,2083
TN,02-01-15,2191.666667
TN,03-01-15,1747.333333
TN,04-01-15,1801.333333
TN,05-01-15,2409.333333
TN,06-01-15,2519
TN,07-01-15,2671
TN,08-01-15,3909.333333
TN,09-01-15,3883
TN,10-01-15,3713.5
TN,11-01-15,3422
TN,12-01-15,3244
TN,01-01-16,2086
TN,02-01-16,1558
TN,03-01-16,1352
TN ,11-01-10,2291
TN ,07-01-12,750
TN ,08-01-12,1660
TN ,10-01-12,2229.5
TN ,11-01-12,2960.5
TN ,12-01-12,2909.5
TN ,01-01-13,2470
TN ,02-01-13,2116
TN ,03-01-13,1795.5
TN ,04-01-13,2434
TN ,06-01-13,4031.5
TN ,07-01-13,2767.5
TN ,08-01-13,3881
TN ,09-01-13,3940.5
TN ,10-01-13,4561.5
TN ,11-01-13,4887.5
TN ,12-01-13,2897
TN ,01-01-14,1626
TN ,02-01-14,1273
TN ,03-01-14,1113.5
TN ,04-01-14,1267
TN ,05-01-14,1586.5
TN ,06-01-14,1916.5
TN ,07-01-14,2653
TN ,09-01-14,2150
TN ,10-01-14,2335
TN ,11-01-14,2359
TN ,12-01-14,2385
TN ,02-01-15,1981.5
TN ,03-01-15,1588.5
TN ,04-01-15,1461.5
TN ,05-01-15,2491
TN ,06-01-15,3275
TN ,07-01-15,2914.5
TN ,08-01-15,3457
TN ,09-01-15,3385.5
TN ,10-01-15,3173
TN ,11-01-15,3491
TN ,12-01-15,2940
TN ,02-01-16,1047
UP,01-01-04,939
UP,02-01-04,902.5
UP,03-01-04,663.5
UP,04-01-04,424
UP,05-01-04,385
UP,06-01-04,378.5
UP,07-01-04,447.5
UP,08-01-04,503
UP,09-01-04,597
UP,10-01-04,612.5
UP,11-01-04,554
UP,12-01-04,408.5
UP,01-01-05,421.75
UP,02-01-05,393.75
UP,03-01-05,380.3333333
UP,04-01-05,365.6666667
UP,05-01-05,381
UP,06-01-05,362.5
UP,07-01-05,417
UP,08-01-05,494.25
UP,09-01-05,900.75
UP,10-01-05,1249.666667
UP,11-01-05,1336.333333
UP,12-01-05,841.3333333
UP,01-01-06,552.6666667
UP,02-01-06,442.25
UP,03-01-06,377
UP,04-01-06,326.3333333
UP,05-01-06,307.75
UP,06-01-06,318
UP,07-01-06,374.25
UP,08-01-06,441
UP,09-01-06,499
UP,10-01-06,498.5
UP,11-01-06,534.25
UP,12-01-06,582.25
UP,01-01-07,934
UP,02-01-07,1167
UP,03-01-07,911.25
UP,04-01-07,649
UP,05-01-07,544.75
UP,06-01-07,588.25
UP,07-01-07,861.25
UP,08-01-07,1190.25
UP,09-01-07,1338.5
UP,10-01-07,1446.666667
UP,11-01-07,1102.666667
UP,12-01-07,647.5
UP,01-01-08,467.75
UP,02-01-08,386.25
UP,03-01-08,425
UP,04-01-08,436
UP,05-01-08,384
UP,06-01-08,392.25
UP,07-01-08,548.6666667
UP,08-01-08,823.25
UP,09-01-08,869.25
UP,10-01-08,851.75
UP,11-01-08,1039.5
UP,12-01-08,1120
UP,01-01-09,1372.75
UP,02-01-09,1239
UP,03-01-09,1087.25
UP,04-01-09,796.75
UP,05-01-09,685
UP,06-01-09,708.75
UP,07-01-09,859.25
UP,08-01-09,842.6666667
UP,09-01-09,862.5
UP,10-01-09,1440.5
UP,11-01-09,1585.25
UP,12-01-09,1329
UP,01-01-10,1480.5
UP,02-01-10,1425.8
UP,03-01-10,1063.25
UP,04-01-10,786.6
UP,05-01-10,612.6
UP,06-01-10,647.6
UP,07-01-10,801
UP,08-01-10,929.6
UP,09-01-10,1374
UP,10-01-10,1537.6
UP,11-01-10,1990.25
UP,12-01-10,2244.75
UP,01-01-11,2479
UP,02-01-11,1352.75
UP,03-01-11,868.6666667
UP,04-01-11,669
UP,05-01-11,621.3333333
UP,06-01-11,670.5
UP,07-01-11,840.2
UP,08-01-11,1073.666667
UP,09-01-11,1327.333333
UP,10-01-11,1334
UP,11-01-11,1159.25
UP,12-01-11,825.75
UP,01-01-12,694.6666667
UP,02-01-12,592.3333333
UP,03-01-12,648.3333333
UP,04-01-12,659.4
UP,05-01-12,620.75
UP,06-01-12,576.25
UP,07-01-12,706
UP,08-01-12,804.25
UP,09-01-12,771.75
UP,10-01-12,952.5
UP,11-01-12,1135.333333
UP,12-01-12,1336
UP,01-01-13,1336.25
UP,02-01-13,1763.5
UP,03-01-13,1335.5
UP,04-01-13,1132.333333
UP,05-01-13,1021.75
UP,06-01-13,1121
UP,07-01-13,1872.75
UP,08-01-13,3314
UP,09-01-13,4172.8
UP,10-01-13,4481.666667
UP,11-01-13,3591.666667
UP,12-01-13,2049
UP,01-01-14,1166
UP,02-01-14,1114.333333
UP,03-01-14,1147.666667
UP,04-01-14,1137
UP,05-01-14,1168
UP,06-01-14,1159.333333
UP,07-01-14,1902.25
UP,08-01-14,1816.666667
UP,09-01-14,1645
UP,10-01-14,1707.25
UP,11-01-14,1610.571429
UP,12-01-14,1491.285714
UP,01-01-15,1486.714286
UP,02-01-15,1505.555556
UP,03-01-15,1572.333333
UP,04-01-15,1427.125
UP,05-01-15,1328.5
UP,06-01-15,1476.5
UP,07-01-15,1815.875
UP,08-01-15,3334.8
UP,09-01-15,4347.5
UP,10-01-15,3405.875
UP,11-01-15,2496.5
UP,12-01-15,1547.666667
UP,01-01-16,1295.875
UP,02-01-16,1071.090909
UP,03-01-16,1017.090909
WB,01-01-04,1107
WB,02-01-04,998
WB,03-01-04,611
WB,04-01-04,484
WB,05-01-04,480
WB,06-01-04,505
WB,07-01-04,579
WB,08-01-04,671
WB,09-01-04,684
WB,10-01-04,797
WB,11-01-04,679
WB,12-01-04,619
WB,01-01-05,554
WB,02-01-05,503
WB,03-01-05,387
WB,04-01-05,402
WB,05-01-05,457
WB,06-01-05,473
WB,07-01-05,562
WB,08-01-05,760
WB,09-01-05,1152
WB,10-01-05,1431
WB,11-01-05,1444
WB,12-01-05,883
WB,01-01-06,557
WB,02-01-06,435
WB,03-01-06,366
WB,04-01-06,453
WB,05-01-06,388
WB,06-01-06,534
WB,07-01-06,587
WB,08-01-06,659
WB,09-01-06,680
WB,10-01-06,668
WB,11-01-06,712
WB,12-01-06,874
WB,01-01-07,1076
WB,02-01-07,1259
WB,03-01-07,832
WB,04-01-07,672
WB,05-01-07,611
WB,06-01-07,840
WB,07-01-07,1085
WB,08-01-07,1334
WB,09-01-07,1627
WB,10-01-07,1767
WB,11-01-07,1199
WB,12-01-07,794
WB,01-01-08,523
WB,02-01-08,470
WB,03-01-08,527
WB,04-01-08,506
WB,05-01-08,504
WB,06-01-08,617
WB,07-01-08,843
WB,08-01-08,1086
WB,09-01-08,956
WB,10-01-08,951
WB,11-01-08,1398
WB,12-01-08,1517
WB,01-01-09,1708
WB,02-01-09,1435
WB,03-01-09,1023
WB,04-01-09,818
WB,05-01-09,740
WB,06-01-09,895
WB,07-01-09,1009
WB,08-01-09,1016
WB,09-01-09,1071
WB,10-01-09,1924
WB,11-01-09,2049
WB,12-01-09,2212
WB,01-01-10,1731
WB,02-01-10,1461
WB,03-01-10,647
WB,04-01-10,750
WB,05-01-10,728
WB,06-01-10,841
WB,07-01-10,928
WB,08-01-10,1073
WB,09-01-10,1601
WB,10-01-10,1840
WB,11-01-10,2444
WB,12-01-10,3123
WB,01-01-11,3382
WB,02-01-11,1241
WB,03-01-11,653
WB,04-01-11,567
WB,05-01-11,751
WB,06-01-11,888
WB,07-01-11,1163
WB,08-01-11,1405
WB,09-01-11,1473
WB,10-01-11,1316
WB,11-01-11,1243
WB,12-01-11,1000
WB,01-01-12,699
WB,02-01-12,731
WB,03-01-12,612
WB,04-01-12,665
WB,05-01-12,718
WB,06-01-12,828
WB,07-01-12,860
WB,08-01-12,1050
WB,09-01-12,1084
WB,10-01-12,1302
WB,11-01-12,1666
WB,12-01-12,1816
WB,01-01-13,1849
WB,02-01-13,2009
WB,03-01-13,1259
WB,04-01-13,1097
WB,05-01-13,1179
WB,06-01-13,1660
WB,07-01-13,2585
WB,08-01-13,4285
WB,09-01-13,4633
WB,10-01-13,4719
WB,11-01-13,4078
WB,12-01-13,2432
WB,01-01-14,1507
WB,02-01-14,1191
WB,03-01-14,1155
WB,04-01-14,1122
WB,05-01-14,1351
WB,06-01-14,1834
WB,07-01-14,2504
WB,08-01-14,2374
WB,09-01-14,2111
WB,10-01-14,2075
WB,11-01-14,2100.666667
WB,12-01-14,2221.333333
WB,01-01-15,1883
WB,02-01-15,1955.75
WB,03-01-15,1377
WB,04-01-15,1479.333333
WB,05-01-15,1533.666667
WB,06-01-15,2075.333333
WB,07-01-15,2591.75
WB,08-01-15,3916.5
WB,09-01-15,4673.6
WB,10-01-15,3690.6
WB,11-01-15,2594.25
WB,12-01-15,1861.5
WB,01-01-16,1726
WB,02-01-16,1347.25
WB,03-01-16,978.5
Grand Total,,982.6921512
